"","request_creation_time","request_status","passengers_vol","origin_lat","origin_lng","origin_zone","destination_lat","destination_lng","destination_zone","service"
"1",2026-02-16 20:52:29.202,"Seat Unavailable",1,26.761968,37.859067,"02_Hegar",26.743535,37.864539,"02_Hegar","B2C"
"2",2026-02-16 17:32:11.718,"Not Accepted",2,26.5503034896674,37.9431865364313,"01_AlUla_Main_Zone",26.55822,37.95002,"01_AlUla_Main_Zone","B2C"
"3",2026-02-16 17:04:50.045,"Completed",1,26.6072250075345,37.9293201863766,"01_AlUla_Main_Zone",26.5602808,37.9613652,"01_AlUla_Main_Zone","B2C"
"4",2026-02-16 16:47:05.001999,"Seat Unavailable",1,26.743535,37.864539,"02_Hegar",26.5598767937796,37.9594417288899,"01_AlUla_Main_Zone","B2C"
"5",2026-02-16 16:42:46.889999,"Not Accepted",1,26.6054455611315,37.9204802960157,"01_AlUla_Main_Zone",26.5602808,37.9613652,"01_AlUla_Main_Zone","B2C"
"6",2026-02-16 15:24:24.372,"Other Error",1,26.6059638697216,37.9238414391875,"01_AlUla_Main_Zone",26.5656277,37.9553272,"01_AlUla_Main_Zone","B2C"
"7",2026-02-16 12:54:00.913,"Not Accepted",2,26.6644175329633,37.9053093865514,"01_AlUla_Main_Zone",26.74349,37.848992,"02_Hegar","B2C"
"8",2026-02-16 11:39:00.439,"Seat Unavailable",1,26.8785,37.91052,"",26.73175,37.87194,"02_Hegar","B2C"
"9",2026-02-16 09:36:04.266,"Seat Unavailable",1,26.8785,37.91052,"",26.6242728,37.9144594,"01_AlUla_Main_Zone","B2C"
"10",2026-02-16 03:26:33.717,"Seat Unavailable",1,26.743535,37.864539,"02_Hegar",26.74349,37.848992,"02_Hegar","B2C"
"11",2026-02-16 01:16:58.63,"Not Accepted",1,26.6144921,37.9182287,"01_AlUla_Main_Zone",26.6264512,37.9142455,"01_AlUla_Main_Zone","B2C"
"12",2026-02-15 23:28:42.209,"Seat Unavailable",1,26.5668113241459,37.9405388608575,"01_AlUla_Main_Zone",26.6302843,37.9124782,"01_AlUla_Main_Zone","B2C"
"13",2026-02-15 23:27:59.343,"Seat Unavailable",1,26.586733318428,37.9414260014892,"01_AlUla_Main_Zone",26.58097,37.91232,"AlUla Main Zone Business - b2c","B2C"
"14",2026-02-15 21:51:54.123,"Seat Unavailable",1,26.8785,37.91052,"",26.6242728,37.9144594,"01_AlUla_Main_Zone","B2C"
"15",2026-02-15 18:41:18.111,"Not Accepted",1,26.743535,37.864539,"02_Hegar",26.8785,37.91052,"","B2C"
"16",2026-02-15 18:01:57.574,"Not Accepted",1,26.5678377933094,37.953712195158,"01_AlUla_Main_Zone",26.6314558172955,37.9126640036702,"01_AlUla_Main_Zone","B2C"
"17",2026-02-15 13:15:03.659,"Not Accepted",1,26.6437719,37.9053671,"01_AlUla_Main_Zone",26.666517,37.906936,"01_AlUla_Main_Zone","B2C"
"18",2026-02-15 13:04:21.729,"Not Accepted",1,26.5634967525495,37.96442091465,"01_AlUla_Main_Zone",26.5874542,37.9394637,"01_AlUla_Main_Zone","B2C"
"19",2026-02-15 12:51:19.696,"Not Accepted",1,26.6148610843267,37.9230508580804,"01_AlUla_Main_Zone",26.60868,37.92327,"01_AlUla_Main_Zone","B2C"
"20",2026-02-15 11:28:15.455999,"Not Accepted",1,26.5809810635004,37.9124728962779,"AlUla Main Zone Business - b2c",26.6318918888469,37.9133496433496,"01_AlUla_Main_Zone","B2C"
"21",2026-02-15 09:28:50.158,"Completed",1,26.6123938185772,37.9267694056034,"01_AlUla_Main_Zone",26.6886651,37.904127,"01_AlUla_Main_Zone","B2C"
"22",2026-02-15 08:44:10.846,"Not Accepted",1,26.6242728,37.9144594,"01_AlUla_Main_Zone",26.77015,37.94536,"02_Hegar","B2C"
"23",2026-02-15 07:46:15.273,"Not Accepted",1,26.5737625267274,37.9422759264708,"01_AlUla_Main_Zone",26.6028255037463,37.920272089541,"01_AlUla_Main_Zone","B2C"
"24",2026-02-15 04:46:50.767,"Not Accepted",1,26.5736018031106,37.9428774118423,"01_AlUla_Main_Zone",26.69008,37.9834,"Fursan BP","B2C"
"25",2026-02-15 02:34:00.773,"Seat Unavailable",1,26.8785,37.91052,"",26.743535,37.864539,"02_Hegar","B2C"
"26",2026-02-15 02:28:52.258,"Not Accepted",1,26.69008,37.9834,"Fursan BP",26.66218,37.96231,"Fursan BP","B2C"
"27",2026-02-14 21:29:56.304999,"Not Accepted",2,26.69008,37.9834,"Fursan BP",26.66218,37.96231,"Fursan BP","B2C"
"28",2026-02-14 20:50:28.562,"Not Accepted",1,26.739857,37.849841,"02_Hegar",26.43648,37.92529,"","B2C"
"29",2026-02-14 20:16:16.942999,"Not Accepted",1,26.6292186904754,37.9121718701643,"01_AlUla_Main_Zone",26.8785,37.91052,"","B2C"
"30",2026-02-14 16:48:27.452,"Not Accepted",1,26.663606,37.9034288,"01_AlUla_Main_Zone",26.659978,38.001388,"Fursan BP","B2C"
"31",2026-02-14 14:50:12.529,"Not Accepted",1,26.65966,37.965,"Fursan BP",26.61632,38.0609,"","B2C"
"32",2026-02-14 09:22:12.292,"Other Error",1,26.6284251489653,37.9123760014772,"01_AlUla_Main_Zone",26.69977,37.91485,"","B2C"
"33",2026-02-14 07:33:55.284,"Seat Unavailable",1,26.743535,37.864539,"02_Hegar",26.663606,37.9034288,"01_AlUla_Main_Zone","B2C"
"34",2026-02-13 22:21:10.653,"Not Accepted",4,26.607056606,37.924492719,"01_AlUla_Main_Zone",26.5742606,37.9439399,"01_AlUla_Main_Zone","B2C"
"35",2026-02-13 20:05:13.407,"Not Accepted",1,26.5665306,37.9624023,"01_AlUla_Main_Zone",26.6105872,37.9227602,"01_AlUla_Main_Zone","B2C"
"36",2026-02-13 13:40:13.716,"Not Accepted",1,26.5245969797092,37.9826079681516,"01_AlUla_Main_Zone",26.739857,37.849841,"02_Hegar","B2C"
"37",2026-02-12 22:26:12.498,"Not Accepted",1,26.5699881,37.9457522,"01_AlUla_Main_Zone",26.5583419799805,37.9644203186035,"01_AlUla_Main_Zone","B2C"
"38",2026-02-12 21:37:39.026,"Seat Unavailable",1,26.74349,37.848992,"02_Hegar",26.743535,37.864539,"02_Hegar","B2C"
"39",2026-02-12 18:40:28.552,"Not Accepted",5,26.6020667,37.9266383,"01_AlUla_Main_Zone",26.5583419799805,37.9644203186035,"01_AlUla_Main_Zone","B2C"
"40",2026-02-12 17:28:18.841,"Not Accepted",1,26.605210238064,37.9235685244203,"01_AlUla_Main_Zone",26.48541,37.97172,"","B2C"
"41",2026-02-12 14:23:55.458,"Not Accepted",1,26.5623349954557,37.9691637307405,"01_AlUla_Main_Zone",26.63411,37.90908,"01_AlUla_Main_Zone","B2C"
"42",2026-02-12 13:53:11.012,"Other Error",1,26.666071,37.90791,"01_AlUla_Main_Zone",26.60868,37.92327,"01_AlUla_Main_Zone","B2C"
"43",2026-02-12 13:53:01.247,"Not Accepted",5,26.5526896177646,37.9476618021727,"01_AlUla_Main_Zone",26.739857,37.849841,"02_Hegar","B2C"
"44",2026-02-12 12:42:56.587,"Completed",3,26.6124166000377,37.9265632107854,"01_AlUla_Main_Zone",26.5656277,37.9553272,"01_AlUla_Main_Zone","B2C"
"45",2026-02-12 11:57:30.343,"Cancelled",1,26.77015,37.94536,"02_Hegar",26.6104717663837,37.9213976114988,"01_AlUla_Main_Zone","B2C"
"46",2026-02-12 09:24:00.829,"Seat Unavailable",1,26.743535,37.864539,"02_Hegar",26.666846,37.907442,"01_AlUla_Main_Zone","B2C"
"47",2026-02-12 06:12:30.516,"Seat Unavailable",1,26.74349,37.848992,"02_Hegar",26.55026,37.94319,"01_AlUla_Main_Zone","B2C"
"48",2026-02-12 02:17:13.301,"Seat Unavailable",1,26.5678230995416,37.9536401107907,"01_AlUla_Main_Zone",26.6241245,37.914274,"01_AlUla_Main_Zone","B2C"
"49",2026-02-11 22:26:11.659,"Seat Unavailable",1,26.69008,37.9834,"Fursan BP",26.743535,37.864539,"02_Hegar","B2C"
"50",2026-02-11 20:12:48.659,"Not Accepted",1,26.5488398772251,37.962383441627,"01_AlUla_Main_Zone",26.6264512,37.9142455,"01_AlUla_Main_Zone","B2C"
"51",2026-02-11 17:59:03.498,"Seat Unavailable",1,26.743535,37.864539,"02_Hegar",26.69008,37.9834,"Fursan BP","B2C"
"52",2026-02-11 17:55:59.591,"Seat Unavailable",1,26.743535,37.864539,"02_Hegar",26.739857,37.849841,"02_Hegar","B2C"
"53",2026-02-11 17:26:40.717,"Not Accepted",1,26.668029,37.995846,"Fursan BP",26.665193,37.939566,"Fursan BP","B2C"
"54",2026-02-11 16:34:31.467,"Seat Unavailable",2,26.743535,37.864539,"02_Hegar",26.761968,37.859067,"02_Hegar","B2C"
"55",2026-02-11 15:17:46.767,"Not Accepted",1,26.5736686713592,37.9421729966998,"01_AlUla_Main_Zone",26.6026780113177,37.9203220456839,"01_AlUla_Main_Zone","B2C"
"56",2026-02-11 11:43:28.462,"Not Accepted",1,26.6134578032538,37.9253864978348,"01_AlUla_Main_Zone",26.743535,37.864539,"02_Hegar","B2C"
"57",2026-02-11 10:53:20.565,"Not Accepted",1,26.5737781193051,37.942493185401,"01_AlUla_Main_Zone",26.6027274752631,37.9202653840184,"01_AlUla_Main_Zone","B2C"
"58",2026-02-11 10:18:23.258,"Not Accepted",1,26.5952933,37.9357776,"01_AlUla_Main_Zone",26.5552337,37.9486848,"01_AlUla_Main_Zone","B2C"
"59",2026-02-10 17:21:24.676,"Completed",5,26.6600687712628,37.9078370332718,"01_AlUla_Main_Zone",26.5502527,37.9431953,"01_AlUla_Main_Zone","B2C"
"60",2026-02-10 15:13:21.006,"Other Error",1,26.666071,37.90791,"01_AlUla_Main_Zone",26.607047543772,37.9292796179652,"01_AlUla_Main_Zone","B2C"
"61",2026-02-10 14:00:22.294,"Not Accepted",1,26.5259286,37.9748946,"01_AlUla_Main_Zone",26.5602808,37.9613652,"01_AlUla_Main_Zone","B2C"
"62",2026-02-09 19:45:37.352,"Seat Unavailable",1,26.5639894928777,37.9621840942917,"01_AlUla_Main_Zone",26.553585,37.945072,"01_AlUla_Main_Zone","B2C"
"63",2026-02-09 17:29:53.368,"Completed",1,26.5743556428991,37.944123968482,"01_AlUla_Main_Zone",26.6294954,37.9138529,"01_AlUla_Main_Zone","B2C"
"64",2026-02-09 16:50:23.856,"Not Accepted",1,26.559445246042,37.964452765882,"01_AlUla_Main_Zone",26.6250159,37.9153868,"01_AlUla_Main_Zone","B2C"
"65",2026-02-09 14:47:39.567999,"Not Accepted",1,26.6098956240467,37.9196682572365,"01_AlUla_Main_Zone",26.577534,37.942795,"01_AlUla_Main_Zone","B2C"
"66",2026-02-09 14:17:18.542,"Not Accepted",1,26.5686855,37.9459159,"01_AlUla_Main_Zone",26.5552337,37.9486848,"01_AlUla_Main_Zone","B2C"
"67",2026-02-09 13:50:04.214,"Not Accepted",2,26.6645086172844,37.905437797308,"01_AlUla_Main_Zone",26.77015,37.94536,"02_Hegar","B2C"
"68",2026-02-09 08:46:54.704,"Not Accepted",1,26.607056606,37.924492719,"01_AlUla_Main_Zone",26.6316507,37.9107969,"01_AlUla_Main_Zone","B2C"
"69",2026-02-09 05:13:20.019,"Completed",2,26.6070565368747,37.924492880702,"01_AlUla_Main_Zone",26.6049204,37.9188371,"01_AlUla_Main_Zone","B2C"
"70",2026-02-08 22:17:31.46,"Not Accepted",1,26.6021968609145,37.9220242425799,"01_AlUla_Main_Zone",26.5602808,37.9613652,"01_AlUla_Main_Zone","B2C"
"71",2026-02-08 21:09:47.438,"Other Error",1,26.5620246117916,37.9601391032338,"01_AlUla_Main_Zone",26.553585,37.945072,"01_AlUla_Main_Zone","B2C"
"72",2026-02-08 17:51:20.37,"Not Accepted",1,26.5259286,37.9748946,"01_AlUla_Main_Zone",26.5602808,37.9613652,"01_AlUla_Main_Zone","B2C"
"73",2026-02-08 14:28:58.063,"Completed",4,26.6032958594285,37.9388158768415,"01_AlUla_Main_Zone",26.6022103511403,37.9238468036056,"01_AlUla_Main_Zone","B2C"
"74",2026-02-08 14:17:45.33,"Completed",2,26.6022136487508,37.9233365133405,"01_AlUla_Main_Zone",26.6034059,37.9383602,"01_AlUla_Main_Zone","B2C"
"75",2026-02-08 13:03:11.7,"Not Accepted",1,26.5740168054218,37.951510772109,"01_AlUla_Main_Zone",26.743535,37.864539,"02_Hegar","B2C"
"76",2026-02-08 12:37:00.21,"Not Accepted",1,26.5955387907029,37.9346892982721,"01_AlUla_Main_Zone",26.6021222149697,37.9257384315133,"01_AlUla_Main_Zone","B2C"
"77",2026-02-08 10:01:40.474,"Other Error",1,26.5599853552202,37.9580295458436,"01_AlUla_Main_Zone",26.5533,37.94544,"01_AlUla_Main_Zone","B2C"
"78",2026-02-08 09:43:05.212,"Not Accepted",1,26.5597460400849,37.9582679271698,"01_AlUla_Main_Zone",26.5533,37.94544,"01_AlUla_Main_Zone","B2C"
"79",2026-02-07 21:48:58.498,"Other Error",1,26.6337821124045,37.9091124236584,"01_AlUla_Main_Zone",26.609964,37.925989,"01_AlUla_Main_Zone","B2C"
"80",2026-02-07 16:50:17.166,"Not Accepted",1,26.66329,37.94749,"Fursan BP",26.63411,37.90908,"01_AlUla_Main_Zone","B2C"
"81",2026-02-07 15:37:28.278,"Not Accepted",4,26.5573656,37.9697927,"01_AlUla_Main_Zone",26.603074,37.9263144,"01_AlUla_Main_Zone","B2C"
"82",2026-02-07 12:23:02.355,"Not Accepted",1,26.5637022,37.9632242,"01_AlUla_Main_Zone",26.6295836,37.9234705,"01_AlUla_Main_Zone","B2C"
"83",2026-02-07 09:32:07.016,"Not Accepted",1,26.52485,37.98099,"01_AlUla_Main_Zone",26.6242728,37.9144594,"01_AlUla_Main_Zone","B2C"
"84",2026-02-07 07:33:23.774,"Seat Unavailable",1,26.6261282,37.9156737,"01_AlUla_Main_Zone",26.743535,37.864539,"02_Hegar","B2C"
"85",2026-02-07 03:33:59.115,"Not Accepted",1,26.5532237605527,37.9456773027778,"01_AlUla_Main_Zone",26.5633636039086,37.9628320410848,"01_AlUla_Main_Zone","B2C"
"86",2026-02-07 03:33:41.842,"Not Accepted",1,26.5532189619762,37.945643439889,"01_AlUla_Main_Zone",26.562686462706,37.9599490016699,"01_AlUla_Main_Zone","B2C"
"87",2026-02-07 01:53:08.802,"Not Accepted",1,26.613680364473,37.9268756881356,"01_AlUla_Main_Zone",26.5540359167446,37.9633865877986,"01_AlUla_Main_Zone","B2C"
"88",2026-02-07 00:31:11.35,"Seat Unavailable",1,26.74349,37.848992,"02_Hegar",26.5502527,37.9431953,"01_AlUla_Main_Zone","B2C"
"89",2026-02-06 23:03:36.576,"Completed",2,26.6654384,37.905143,"01_AlUla_Main_Zone",26.5412327,37.967826,"01_AlUla_Main_Zone","B2C"
"90",2026-02-06 20:58:14.251,"Seat Unavailable",1,26.77015,37.94536,"02_Hegar",26.5656277,37.9553272,"01_AlUla_Main_Zone","B2C"
"91",2026-02-06 17:52:29.076,"Completed",1,26.6653968,37.9050362,"01_AlUla_Main_Zone",26.6293315887451,37.9133338928223,"01_AlUla_Main_Zone","B2C"
"92",2026-02-06 16:15:10.236,"Cancelled",3,26.6645092165231,37.9047826677561,"01_AlUla_Main_Zone",26.66329,37.94749,"Fursan BP","B2C"
"93",2026-02-06 15:54:00.312,"Not Accepted",1,26.6086671,37.9252208,"01_AlUla_Main_Zone",26.5719337463379,37.9546203613281,"01_AlUla_Main_Zone","B2C"
"94",2026-02-06 14:59:05.76,"Completed",1,26.563813,37.963188,"01_AlUla_Main_Zone",26.6646413,37.9052238,"01_AlUla_Main_Zone","B2C"
"95",2026-02-06 12:37:12.434,"Not Accepted",1,26.74867,37.94319,"02_Hegar",26.73128,37.95452,"","B2C"
"96",2026-02-06 03:00:44.729,"Not Accepted",1,26.5656277,37.9553272,"01_AlUla_Main_Zone",26.6264512,37.9142455,"01_AlUla_Main_Zone","B2C"
"97",2026-02-06 00:29:04.865,"Completed",1,26.5597841266123,37.9607375711203,"01_AlUla_Main_Zone",26.6124469075826,37.9268370150711,"01_AlUla_Main_Zone","B2C"
"98",2026-02-05 23:55:31.253,"Seat Unavailable",1,26.6029879850228,37.9266865924001,"01_AlUla_Main_Zone",26.6093275724389,37.9194912314415,"01_AlUla_Main_Zone","B2C"
"99",2026-02-05 23:55:18.551,"Seat Unavailable",2,26.6031249847389,37.9269628599286,"01_AlUla_Main_Zone",26.6094408832224,37.9180190339684,"01_AlUla_Main_Zone","B2C"
"100",2026-02-05 22:42:05.534,"Cancelled",4,26.5723004132808,37.9451710358262,"01_AlUla_Main_Zone",26.5874542,37.9394637,"01_AlUla_Main_Zone","B2C"
"101",2026-02-05 22:33:19.863999,"Seat Unavailable",1,26.69008,37.9834,"Fursan BP",26.6294954,37.9138529,"01_AlUla_Main_Zone","B2C"
"102",2026-02-05 19:04:02.665,"Not Accepted",1,26.5612242079131,37.9717440158129,"AlUla Main Zone Business - b2c",26.663606,37.9034288,"01_AlUla_Main_Zone","B2C"
"103",2026-02-05 19:03:52.04,"Not Accepted",1,26.69008,37.9834,"Fursan BP",26.66329,37.94749,"Fursan BP","B2C"
"104",2026-02-05 18:53:21.483,"Completed",2,26.69008,37.9834,"Fursan BP",26.6242733001709,37.9144592285156,"01_AlUla_Main_Zone","B2C"
"105",2026-02-05 18:52:01.097,"Not Accepted",1,26.5427722846134,37.9654180258512,"01_AlUla_Main_Zone",26.6031391,37.929482,"01_AlUla_Main_Zone","B2C"
"106",2026-02-05 17:38:02.304999,"Completed",1,26.6647085,37.9052343,"01_AlUla_Main_Zone",26.6250152587891,37.9153861999512,"01_AlUla_Main_Zone","B2C"
"107",2026-02-05 17:09:13.016,"Completed",1,26.5608685377043,37.9573992267251,"01_AlUla_Main_Zone",26.663606,37.9034288,"01_AlUla_Main_Zone","B2C"
"108",2026-02-05 17:07:06.088,"Not Accepted",1,26.6765368014936,37.9091982543468,"01_AlUla_Main_Zone",26.6293312,37.9133353,"01_AlUla_Main_Zone","B2C"
"109",2026-02-05 16:40:14.731,"Completed",2,26.5414014,37.9676177,"01_AlUla_Main_Zone",26.69008,37.9834,"Fursan BP","B2C"
"110",2026-02-05 15:38:11.213,"Not Accepted",1,26.58097,37.91232,"AlUla Main Zone Business - b2c",26.6250159,37.9153868,"01_AlUla_Main_Zone","B2C"
"111",2026-02-05 13:43:49.158,"Completed",1,26.5637406,37.9629742,"01_AlUla_Main_Zone",26.6646404266357,37.9052238464355,"01_AlUla_Main_Zone","B2C"
"112",2026-02-05 11:29:51.019,"Not Accepted",2,26.6646413,37.9052238,"01_AlUla_Main_Zone",26.6318156,37.9133694,"01_AlUla_Main_Zone","B2C"
"113",2026-02-05 11:18:19.721,"Other Error",1,26.6164137768218,37.9187777638435,"01_AlUla_Main_Zone",26.60868,37.92327,"01_AlUla_Main_Zone","B2C"
"114",2026-02-05 10:41:47.822,"Not Accepted",1,26.5954164721325,37.9350185394287,"01_AlUla_Main_Zone",26.6021923641722,37.9258131980896,"01_AlUla_Main_Zone","B2C"
"115",2026-02-05 00:33:13.846,"Not Accepted",1,26.6483594894451,37.9068828374147,"01_AlUla_Main_Zone",26.63411,37.90908,"01_AlUla_Main_Zone","B2C"
"116",2026-02-05 00:31:21.412,"Cancelled",1,26.6528684108194,37.9074474424124,"AlUla Main Zone Business - b2c",26.667274,37.907424,"01_AlUla_Main_Zone","B2C"
"117",2026-02-04 21:52:53.056,"Seat Unavailable",2,26.6256379,37.915596,"01_AlUla_Main_Zone",26.5412327,37.967826,"01_AlUla_Main_Zone","B2C"
"118",2026-02-04 20:46:32.616,"Seat Unavailable",1,26.6086150308922,37.9234619066119,"01_AlUla_Main_Zone",26.6315033,37.912917,"01_AlUla_Main_Zone","B2C"
"119",2026-02-04 20:31:22.975,"Seat Unavailable",1,26.6013266,37.9247107,"01_AlUla_Main_Zone",26.5719341,37.9546213,"01_AlUla_Main_Zone","B2C"
"120",2026-02-04 19:07:27.376,"Not Accepted",1,26.6494613403977,37.9063235968351,"01_AlUla_Main_Zone",26.52485,37.98099,"01_AlUla_Main_Zone","B2C"
"121",2026-02-04 18:50:43.45,"Not Accepted",1,26.69008,37.9834,"Fursan BP",26.6250152587891,37.9153861999512,"01_AlUla_Main_Zone","B2C"
"122",2026-02-04 18:48:45.493,"Seat Unavailable",1,26.761968,37.859067,"02_Hegar",26.63411,37.90908,"01_AlUla_Main_Zone","B2C"
"123",2026-02-04 15:48:07.069,"Seat Unavailable",1,26.828012,37.85377,"",26.6321904,37.9141379,"01_AlUla_Main_Zone","B2C"
"124",2026-02-04 13:43:21.267,"Other Error",2,26.5413886,37.9677236,"01_AlUla_Main_Zone",26.6242733001709,37.9144592285156,"01_AlUla_Main_Zone","B2C"
"125",2026-02-04 13:01:08.378,"Not Accepted",1,26.5716501,37.9478739,"01_AlUla_Main_Zone",26.663606,37.9034288,"01_AlUla_Main_Zone","B2C"
"126",2026-02-03 23:12:04.484,"Seat Unavailable",1,26.69008,37.9834,"Fursan BP",26.5264055803084,37.9809359461069,"01_AlUla_Main_Zone","B2C"
"127",2026-02-03 23:01:29.105,"Seat Unavailable",1,26.566046935486,37.956233794994,"01_AlUla_Main_Zone",26.6007087,37.9191197,"01_AlUla_Main_Zone","B2C"
"128",2026-02-03 18:45:50.218,"Not Accepted",1,26.5404207437331,37.9649623855949,"01_AlUla_Main_Zone",26.6091597,37.9246156,"01_AlUla_Main_Zone","B2C"
"129",2026-02-03 17:52:00.417,"Not Accepted",1,26.69008,37.9834,"Fursan BP",26.66329,37.94749,"Fursan BP","B2C"
"130",2026-02-03 16:37:48.223,"Not Accepted",3,26.5404207437331,37.9649623855949,"01_AlUla_Main_Zone",26.6241245,37.914274,"01_AlUla_Main_Zone","B2C"
"131",2026-02-03 11:01:41.21,"Not Accepted",1,26.6250159,37.9153868,"01_AlUla_Main_Zone",26.70813,37.93502,"","B2C"
"132",2026-02-03 10:19:35.725,"Not Accepted",1,26.676728,37.9083988,"01_AlUla_Main_Zone",26.6318156,37.9133694,"01_AlUla_Main_Zone","B2C"
"133",2026-02-03 08:51:08.599,"Not Accepted",1,26.6242191842414,37.9144362732768,"01_AlUla_Main_Zone",26.739857,37.849841,"02_Hegar","B2C"
"134",2026-02-03 08:39:43.258999,"Not Accepted",1,26.6467931467133,37.9139625281096,"01_AlUla_Main_Zone",26.666071,37.90791,"01_AlUla_Main_Zone","B2C"
"135",2026-02-02 18:11:07.286,"Seat Unavailable",2,26.74349,37.848992,"02_Hegar",26.676728,37.9083988,"01_AlUla_Main_Zone","B2C"
"136",2026-02-02 17:50:07.201,"Not Accepted",1,26.5469518495676,37.9506715759635,"01_AlUla_Main_Zone",26.55026,37.94319,"01_AlUla_Main_Zone","B2C"
"137",2026-02-02 11:46:45.508999,"Not Accepted",1,26.6070565368747,37.924492880702,"01_AlUla_Main_Zone",26.6303125,37.9123125,"01_AlUla_Main_Zone","B2C"
"138",2026-02-02 11:05:02.166,"Not Accepted",1,26.6296521717171,37.9136011004448,"01_AlUla_Main_Zone",26.6468,37.9137,"01_AlUla_Main_Zone","B2C"
"139",2026-02-02 10:55:05.184,"Other Error",1,26.5502527,37.9431953,"01_AlUla_Main_Zone",26.6303125,37.9123125,"01_AlUla_Main_Zone","B2C"
"140",2026-02-02 05:53:25.159,"Seat Unavailable",1,26.6030770198679,37.9487900063396,"01_AlUla_Main_Zone",26.43648,37.92529,"","B2C"
"141",2026-02-02 00:06:48.735,"Not Accepted",1,26.6070565368747,37.924492880702,"01_AlUla_Main_Zone",26.761968,37.859067,"02_Hegar","B2C"
"142",2026-02-01 21:42:36.797,"Seat Unavailable",1,26.5871433,37.9415075,"01_AlUla_Main_Zone",26.5502527,37.9431953,"01_AlUla_Main_Zone","B2C"
"143",2026-02-01 16:54:04.198,"Seat Unavailable",1,26.77015,37.94536,"02_Hegar",26.6243598,37.9163406,"01_AlUla_Main_Zone","B2C"
"144",2026-02-01 16:49:25.323,"Seat Unavailable",1,26.77015,37.94536,"02_Hegar",26.6243598,37.9163406,"01_AlUla_Main_Zone","B2C"
"145",2026-02-01 15:48:21.464,"Not Accepted",1,26.6031309803464,37.9487708956003,"01_AlUla_Main_Zone",26.6250159,37.9153868,"01_AlUla_Main_Zone","B2C"
"146",2026-02-01 14:54:44.296,"Not Accepted",1,26.6031391,37.929482,"01_AlUla_Main_Zone",26.52485,37.98099,"01_AlUla_Main_Zone","B2C"
"147",2026-02-01 14:24:18.139999,"Completed",4,26.6034019814756,37.9387283697724,"01_AlUla_Main_Zone",26.6022103511403,37.9238468036056,"01_AlUla_Main_Zone","B2C"
"148",2026-02-01 14:12:21.707,"Completed",2,26.6023356602728,37.9237945005298,"01_AlUla_Main_Zone",26.6034059,37.9383602,"01_AlUla_Main_Zone","B2C"
"149",2026-02-01 13:31:07.148,"Seat Unavailable",1,26.659978,38.001388,"Fursan BP",26.69008,37.9834,"Fursan BP","B2C"
"150",2026-02-01 13:25:29.488,"Completed",2,26.664543675825,37.9054046985014,"01_AlUla_Main_Zone",26.77015,37.94536,"02_Hegar","B2C"
"151",2026-02-01 13:03:30.967,"Completed",2,26.676728,37.9083988,"01_AlUla_Main_Zone",26.663606,37.9034288,"01_AlUla_Main_Zone","B2C"
"152",2026-02-01 11:13:50.171,"Other Error",1,26.6306972586244,37.9132379963994,"01_AlUla_Main_Zone",26.667274,37.907424,"01_AlUla_Main_Zone","B2C"
"153",2026-02-01 05:55:33.929999,"Not Accepted",2,26.62959,37.92347,"01_AlUla_Main_Zone",26.537852,37.97021,"01_AlUla_Main_Zone","B2C"
"154",2026-02-01 04:29:22.088,"Seat Unavailable",4,26.761968,37.859067,"02_Hegar",26.6646413,37.9052238,"01_AlUla_Main_Zone","B2C"
"155",2026-02-01 02:56:22.146999,"Not Accepted",1,26.6070565368747,37.924492880702,"01_AlUla_Main_Zone",26.5673122,37.9645735,"01_AlUla_Main_Zone","B2C"
"156",2026-01-31 18:07:08.496,"Not Accepted",1,26.6462393628523,37.9058746621013,"01_AlUla_Main_Zone",26.6107518,37.9221067,"01_AlUla_Main_Zone","B2C"
"157",2026-01-31 17:53:39.709,"Completed",2,26.676507142301,37.9096518829465,"01_AlUla_Main_Zone",26.69008,37.9834,"Fursan BP","B2C"
"158",2026-01-31 16:55:57.464,"Not Accepted",1,26.5387479409867,37.9694906249642,"01_AlUla_Main_Zone",26.62959,37.92347,"01_AlUla_Main_Zone","B2C"
"159",2026-01-31 16:54:54.376,"Completed",4,26.6023287652762,37.9238018766046,"01_AlUla_Main_Zone",26.5661434995103,37.9582699388266,"01_AlUla_Main_Zone","B2C"
"160",2026-01-31 16:14:44.577,"Not Accepted",1,26.6497,37.90706,"01_AlUla_Main_Zone",26.53459,37.96992,"01_AlUla_Main_Zone","B2C"
"161",2026-01-31 15:24:18.21,"Not Accepted",1,26.5584967,37.9574923,"01_AlUla_Main_Zone",26.6294954,37.9138529,"01_AlUla_Main_Zone","B2C"
"162",2026-01-31 14:30:02.724,"Not Accepted",1,26.6652615582461,37.905337549746,"01_AlUla_Main_Zone",26.6241245,37.914274,"01_AlUla_Main_Zone","B2C"
"163",2026-01-31 13:54:27.072,"Seat Unavailable",1,26.77015,37.94536,"02_Hegar",26.6241245,37.914274,"01_AlUla_Main_Zone","B2C"
"164",2026-01-31 13:42:59.909,"Not Accepted",4,26.6243598,37.9163406,"01_AlUla_Main_Zone",26.77015,37.94536,"02_Hegar","B2C"
"165",2026-01-31 12:16:49.136,"Seat Unavailable",1,26.74349,37.848992,"02_Hegar",26.69008,37.9834,"Fursan BP","B2C"
"166",2026-01-31 11:55:40.899,"Seat Unavailable",1,26.77015,37.94536,"02_Hegar",26.761968,37.859067,"02_Hegar","B2C"
"167",2026-01-31 11:53:52.396,"Seat Unavailable",2,26.77015,37.94536,"02_Hegar",26.761968,37.859067,"02_Hegar","B2C"
"168",2026-01-31 09:24:08.648,"Not Accepted",1,26.5567176708081,37.9573489353061,"01_AlUla_Main_Zone",26.5646324082063,37.9619757458568,"01_AlUla_Main_Zone","B2C"
"169",2026-01-31 09:23:30.108,"Not Accepted",1,26.612314383186,37.9190785065293,"01_AlUla_Main_Zone",26.5651626,37.9610201,"01_AlUla_Main_Zone","B2C"
"170",2026-01-31 02:37:41.866,"Seat Unavailable",1,26.5385886680172,37.9694074764848,"01_AlUla_Main_Zone",26.62959,37.92347,"01_AlUla_Main_Zone","B2C"
"171",2026-01-31 00:25:09.47,"Not Accepted",1,26.6134185791016,37.9253730773926,"01_AlUla_Main_Zone",26.61632,38.0609,"","B2C"
"172",2026-01-30 23:07:21.119,"Seat Unavailable",1,26.6070565368747,37.924492880702,"01_AlUla_Main_Zone",26.69008,37.9834,"Fursan BP","B2C"
"173",2026-01-30 19:53:04.28,"Not Accepted",1,26.6071593579653,37.9219632223248,"01_AlUla_Main_Zone",26.6264512,37.9142455,"01_AlUla_Main_Zone","B2C"
"174",2026-01-30 19:37:50.011,"Not Accepted",1,26.6125688469285,37.9162165057267,"01_AlUla_Main_Zone",26.63411,37.90908,"01_AlUla_Main_Zone","B2C"
"175",2026-01-30 18:15:52.203,"Seat Unavailable",2,26.74349,37.848992,"02_Hegar",26.61632,38.0609,"","B2C"
"176",2026-01-30 17:08:36.645,"Other Error",4,26.5592937990915,37.9492845386267,"01_AlUla_Main_Zone",26.6241245,37.914274,"01_AlUla_Main_Zone","B2C"
"177",2026-01-30 08:29:06.915,"Not Accepted",1,26.663606,37.9034288,"01_AlUla_Main_Zone",26.6099472,37.9301922,"01_AlUla_Main_Zone","B2C"
"178",2026-01-30 03:05:25.73,"Not Accepted",2,26.5661408006152,37.9539911448956,"01_AlUla_Main_Zone",26.6264512,37.9142455,"01_AlUla_Main_Zone","B2C"
"179",2026-01-30 02:45:06.554,"Not Accepted",1,26.6041061617183,37.9221596941352,"01_AlUla_Main_Zone",26.603892,37.9462456,"01_AlUla_Main_Zone","B2C"
"180",2026-01-30 00:01:56.631,"Not Accepted",1,26.5474077383618,37.9639183357358,"01_AlUla_Main_Zone",26.534898032429,37.9699539765716,"01_AlUla_Main_Zone","B2C"
"181",2026-01-29 21:43:43.212,"Seat Unavailable",1,26.6645358826427,37.9054314270616,"01_AlUla_Main_Zone",26.562847801407,37.9522554203868,"01_AlUla_Main_Zone","B2C"
"182",2026-01-29 21:00:01.175,"Not Accepted",1,26.6049425387503,37.921049259603,"01_AlUla_Main_Zone",26.6140106914893,37.9252197593451,"01_AlUla_Main_Zone","B2C"
"183",2026-01-29 20:39:01.803,"Not Accepted",1,26.5740204037012,37.9440880939364,"01_AlUla_Main_Zone",26.69008,37.9834,"Fursan BP","B2C"
"184",2026-01-29 19:23:26.972,"Not Accepted",1,26.5497420405457,37.9954936355352,"AlUla Main Zone Business - b2c",26.5406052094604,37.9666575416923,"01_AlUla_Main_Zone","B2C"
"185",2026-01-29 19:23:08.372,"Not Accepted",1,26.557185669768,37.9630832663999,"01_AlUla_Main_Zone",26.564889,37.963152,"01_AlUla_Main_Zone","B2C"
"186",2026-01-29 19:16:33.498,"Seat Unavailable",1,26.69008,37.9834,"Fursan BP",26.6081093245434,37.9237599670887,"01_AlUla_Main_Zone","B2C"
"187",2026-01-29 17:39:06.596,"Not Accepted",1,26.6127879971546,37.917962372303,"01_AlUla_Main_Zone",26.6072408953241,37.9298271238804,"01_AlUla_Main_Zone","B2C"
"188",2026-01-29 17:24:35.929999,"Not Accepted",1,26.6645964057225,37.9054911062121,"01_AlUla_Main_Zone",26.562847801407,37.9522554203868,"01_AlUla_Main_Zone","B2C"
"189",2026-01-29 15:33:23.464,"Completed",1,26.666071,37.90791,"01_AlUla_Main_Zone",26.55834,37.94993,"01_AlUla_Main_Zone","B2C"
"190",2026-01-29 14:20:31.751,"Not Accepted",2,26.69008,37.9834,"Fursan BP",26.6134181,37.9253721,"01_AlUla_Main_Zone","B2C"
"191",2026-01-29 14:05:49.178,"Not Accepted",1,26.5653878064095,37.9628400877118,"01_AlUla_Main_Zone",26.6767270395656,37.9084016382694,"01_AlUla_Main_Zone","B2C"
"192",2026-01-29 13:59:52.703,"Not Accepted",1,26.573652778909,37.9421991482377,"01_AlUla_Main_Zone",26.69008,37.9834,"Fursan BP","B2C"
"193",2026-01-29 13:16:42.118,"Completed",1,26.566691373892,37.9595181718469,"01_AlUla_Main_Zone",26.5694978770569,37.9502668976784,"01_AlUla_Main_Zone","B2C"
"194",2026-01-29 13:02:15.639,"Not Accepted",1,26.6137966684678,37.9279455542564,"01_AlUla_Main_Zone",26.663606,37.9034288,"01_AlUla_Main_Zone","B2C"
"195",2026-01-29 11:35:04.496,"Not Accepted",1,26.6063137042095,37.9442144930363,"AlUla Main Zone Business - b2c",26.60868,37.92327,"01_AlUla_Main_Zone","B2C"
"196",2026-01-29 11:01:27.496,"Not Accepted",1,26.66329,37.94749,"Fursan BP",26.663606,37.9034288,"01_AlUla_Main_Zone","B2C"
"197",2026-01-29 10:42:09.961,"Not Accepted",1,26.6135235936949,37.9214093461633,"01_AlUla_Main_Zone",26.739857,37.849841,"02_Hegar","B2C"
"198",2026-01-29 09:47:55.155,"Seat Unavailable",1,26.723508,38.062161,"",26.6242728,37.9144594,"01_AlUla_Main_Zone","B2C"
"199",2026-01-29 06:31:09.179,"Not Accepted",1,26.5725061178183,37.943439334631,"01_AlUla_Main_Zone",26.6264512,37.9142455,"01_AlUla_Main_Zone","B2C"
"200",2026-01-28 19:58:22.516,"Seat Unavailable",1,26.60633,37.94541,"01_AlUla_Main_Zone",26.739857,37.849841,"02_Hegar","B2C"
"201",2026-01-28 19:09:36.801,"Seat Unavailable",1,26.6650011904454,37.905937358737,"01_AlUla_Main_Zone",26.63010803099,37.9128792509437,"01_AlUla_Main_Zone","B2C"
"202",2026-01-28 18:26:30.174,"Not Accepted",1,26.666517,37.906936,"01_AlUla_Main_Zone",26.6081530905636,37.9286506399512,"01_AlUla_Main_Zone","B2C"
"203",2026-01-28 17:37:21.488,"Completed",1,26.5652756515326,37.9627874493599,"01_AlUla_Main_Zone",26.6254355,37.9137788,"01_AlUla_Main_Zone","B2C"
"204",2026-01-28 09:23:36.827,"Not Accepted",1,26.666517,37.906936,"01_AlUla_Main_Zone",26.77015,37.94536,"02_Hegar","B2C"
"205",2026-01-28 08:40:49.806,"Not Accepted",1,26.6063179010177,37.9249149933457,"01_AlUla_Main_Zone",26.6596643,37.907998,"01_AlUla_Main_Zone","B2C"
"206",2026-01-28 08:22:23.354,"No-Showed",1,26.5551035874754,37.9529638588428,"01_AlUla_Main_Zone",26.809769,37.953996,"","B2C"
"207",2026-01-28 00:15:43.598,"Seat Unavailable",5,26.74349,37.848992,"02_Hegar",26.63411,37.90908,"01_AlUla_Main_Zone","B2C"
"208",2026-01-27 21:18:24.932,"Completed",1,26.6341069867463,37.9090795665979,"01_AlUla_Main_Zone",26.5652585584,37.9627954959869,"01_AlUla_Main_Zone","B2C"
"209",2026-01-27 20:41:56.021,"Not Accepted",1,26.5236952186238,37.9781213030219,"01_AlUla_Main_Zone",26.5473744,37.9638911,"01_AlUla_Main_Zone","B2C"
"210",2026-01-27 20:11:20.775,"Not Accepted",2,26.5758036370722,37.9436763748527,"01_AlUla_Main_Zone",26.6050831334288,37.9473972693086,"01_AlUla_Main_Zone","B2C"
"211",2026-01-27 18:47:33.413,"Not Accepted",4,26.55026,37.94319,"01_AlUla_Main_Zone",26.6242728,37.9144594,"01_AlUla_Main_Zone","B2C"
"212",2026-01-27 18:21:05.931,"Not Accepted",1,26.605036968031,37.9474814236164,"01_AlUla_Main_Zone",26.6123959,37.922853,"01_AlUla_Main_Zone","B2C"
"213",2026-01-27 15:55:24.184,"Completed",1,26.631711766023,37.9104552045465,"01_AlUla_Main_Zone",26.6586404212706,37.9079004004598,"01_AlUla_Main_Zone","B2C"
"214",2026-01-27 15:28:09.96,"Completed",1,26.666517,37.906936,"01_AlUla_Main_Zone",26.6316507,37.9107969,"01_AlUla_Main_Zone","B2C"
"215",2026-01-27 12:15:24.178,"Not Accepted",1,26.6031391,37.929482,"01_AlUla_Main_Zone",26.63411,37.90908,"01_AlUla_Main_Zone","B2C"
"216",2026-01-27 08:22:51.448,"Not Accepted",1,26.538712,37.969218,"01_AlUla_Main_Zone",26.5471,37.96604,"01_AlUla_Main_Zone","B2C"
"217",2026-01-27 02:03:21.944,"Not Accepted",1,26.562847801407,37.9522554203868,"01_AlUla_Main_Zone",26.6646413,37.9052238,"01_AlUla_Main_Zone","B2C"
"218",2026-01-27 00:47:07.343999,"Not Accepted",1,26.6278215232651,37.9130140319467,"01_AlUla_Main_Zone",26.666071,37.90791,"01_AlUla_Main_Zone","B2C"
"219",2026-01-26 23:14:06.116,"Seat Unavailable",1,26.5654561788475,37.9628464579582,"01_AlUla_Main_Zone",26.666517,37.906936,"01_AlUla_Main_Zone","B2C"
"220",2026-01-26 21:26:11.161,"Not Accepted",1,26.6021315082426,37.9241079837084,"01_AlUla_Main_Zone",26.5681341,37.9553145,"01_AlUla_Main_Zone","B2C"
"221",2026-01-26 20:31:27.544,"Seat Unavailable",2,26.69008,37.9834,"Fursan BP",26.66218,37.96231,"Fursan BP","B2C"
"222",2026-01-26 17:18:23.025,"Not Accepted",1,26.5552463426959,37.9531502723694,"01_AlUla_Main_Zone",26.63411,37.90908,"01_AlUla_Main_Zone","B2C"
"223",2026-01-26 17:15:16.177,"Not Accepted",1,26.607056606,37.924492719,"01_AlUla_Main_Zone",26.6242728,37.9144594,"01_AlUla_Main_Zone","B2C"
"224",2026-01-26 17:02:01.493,"Not Accepted",1,26.6030656282081,37.9226297512651,"01_AlUla_Main_Zone",26.68877,37.90406,"01_AlUla_Main_Zone","B2C"
"225",2026-01-26 16:24:10.566,"Seat Unavailable",1,26.743535,37.864539,"02_Hegar",26.55159,37.97547,"AlUla Main Zone Business - b2c","B2C"
"226",2026-01-26 15:47:32.824,"Not Accepted",1,26.6645997015328,37.905332185328,"01_AlUla_Main_Zone",26.5628703,37.9522413,"01_AlUla_Main_Zone","B2C"
"227",2026-01-26 14:56:48.725999,"Completed",5,26.5944391180753,37.935053743422,"01_AlUla_Main_Zone",26.564857918632,37.9631200432777,"01_AlUla_Main_Zone","B2C"
"228",2026-01-26 10:43:42.378,"Not Accepted",3,26.5651829887306,37.9632447659969,"01_AlUla_Main_Zone",26.62959,37.92347,"01_AlUla_Main_Zone","B2C"
"229",2026-01-26 08:31:27.158,"Not Accepted",1,26.52485,37.98099,"01_AlUla_Main_Zone",26.55822,37.95002,"01_AlUla_Main_Zone","B2C"
"230",2026-01-26 08:29:03.111,"Not Accepted",2,26.6467499948207,37.9138119891286,"01_AlUla_Main_Zone",26.6045837067726,37.9295954480767,"01_AlUla_Main_Zone","B2C"
"231",2026-01-26 07:58:57.372,"Completed",1,26.666517,37.906936,"01_AlUla_Main_Zone",26.6586464139657,37.907866537571,"01_AlUla_Main_Zone","B2C"
"232",2026-01-26 04:27:18.148,"Not Accepted",1,26.6631711,37.9045554,"01_AlUla_Main_Zone",26.563273,37.9619348,"01_AlUla_Main_Zone","B2C"
"233",2026-01-25 17:47:02.342,"Not Accepted",1,26.6449675676717,37.9058099538088,"01_AlUla_Main_Zone",26.6302843,37.9124782,"01_AlUla_Main_Zone","B2C"
"234",2026-01-25 17:26:55.353,"Not Accepted",1,26.53459,37.96992,"01_AlUla_Main_Zone",26.55159,37.97547,"AlUla Main Zone Business - b2c","B2C"
"235",2026-01-25 16:53:09.787,"Not Accepted",1,26.6070565368747,37.924492880702,"01_AlUla_Main_Zone",26.57415,37.94398,"01_AlUla_Main_Zone","B2C"
"236",2026-01-25 16:00:36.523,"Not Accepted",1,26.5653551195717,37.9651075601578,"01_AlUla_Main_Zone",26.69008,37.9834,"Fursan BP","B2C"
"237",2026-01-25 15:16:01.599,"Not Accepted",1,26.5952779641817,37.9349910467863,"01_AlUla_Main_Zone",26.5656277,37.9553272,"01_AlUla_Main_Zone","B2C"
"238",2026-01-25 15:15:18.584,"Not Accepted",1,26.5952911554223,37.9350064694881,"01_AlUla_Main_Zone",26.5656277,37.9553272,"01_AlUla_Main_Zone","B2C"
"239",2026-01-25 14:20:37.788,"Completed",4,26.6034059,37.9383602,"01_AlUla_Main_Zone",26.6022103511403,37.9238468036056,"01_AlUla_Main_Zone","B2C"
"240",2026-01-25 14:07:18.955999,"Completed",2,26.6022682092018,37.9237338155508,"01_AlUla_Main_Zone",26.6034059,37.9383602,"01_AlUla_Main_Zone","B2C"
"241",2026-01-25 11:57:48.611,"Other Error",1,26.6646722093365,37.9053455963731,"01_AlUla_Main_Zone",26.68877,37.90406,"01_AlUla_Main_Zone","B2C"
"242",2026-01-25 11:10:40.256,"Not Accepted",1,26.5701039095848,37.9413740336895,"01_AlUla_Main_Zone",26.5602808,37.9613652,"01_AlUla_Main_Zone","B2C"
"243",2026-01-25 11:10:27.753,"Not Accepted",1,26.6057654198622,37.9298589751124,"01_AlUla_Main_Zone",26.6596643,37.907998,"01_AlUla_Main_Zone","B2C"
"244",2026-01-25 10:28:43.560999,"Other Error",1,26.6646722093365,37.9053455963731,"01_AlUla_Main_Zone",26.68877,37.90406,"01_AlUla_Main_Zone","B2C"
"245",2026-01-25 09:19:56.692999,"Not Accepted",1,26.6644819511584,37.9053925350308,"01_AlUla_Main_Zone",26.78541,37.84949,"02_Hegar","B2C"
"246",2026-01-25 07:16:11.566,"Not Accepted",1,26.58097,37.91232,"AlUla Main Zone Business - b2c",26.69008,37.9834,"Fursan BP","B2C"
"247",2026-01-25 00:45:12.449,"Cancelled",1,26.567967938027,37.9635840654373,"01_AlUla_Main_Zone",26.5951311,37.93526,"01_AlUla_Main_Zone","B2C"
"248",2026-01-25 00:06:57.245,"Not Accepted",2,26.6250159,37.9153868,"01_AlUla_Main_Zone",26.739857,37.849841,"02_Hegar","B2C"
"249",2026-01-24 19:42:57.534,"Seat Unavailable",2,26.66218,37.96231,"Fursan BP",26.54953,37.95852,"01_AlUla_Main_Zone","B2C"
"250",2026-01-24 19:20:30.467,"Not Accepted",1,26.6031540634322,37.921041212976,"01_AlUla_Main_Zone",26.560024641241,37.9610104858875,"01_AlUla_Main_Zone","B2C"
"251",2026-01-24 18:23:22.991,"Seat Unavailable",1,26.61632,38.0609,"",26.6242198,37.9163386,"01_AlUla_Main_Zone","B2C"
"252",2026-01-24 15:37:42.824,"Not Accepted",1,26.6023104785442,37.9237981885672,"01_AlUla_Main_Zone",26.6034059,37.9383602,"01_AlUla_Main_Zone","B2C"
"253",2026-01-24 15:08:48.12,"Seat Unavailable",2,26.828012,37.85377,"",26.679784,37.988503,"Fursan BP","B2C"
"254",2026-01-24 14:43:04.656,"Not Accepted",1,26.5433023961577,37.9618887104196,"01_AlUla_Main_Zone",26.63411,37.90908,"01_AlUla_Main_Zone","B2C"
"255",2026-01-24 13:18:38.425,"Not Accepted",1,26.5447371640085,37.9561295360327,"01_AlUla_Main_Zone",26.5596725660396,37.9584623873234,"01_AlUla_Main_Zone","B2C"
"256",2026-01-24 10:12:19,"Seat Unavailable",1,26.743535,37.864539,"02_Hegar",26.6031391,37.929482,"01_AlUla_Main_Zone","B2C"
"257",2026-01-24 09:27:43.712,"Seat Unavailable",1,26.823436,37.85743,"",26.6031391,37.929482,"01_AlUla_Main_Zone","B2C"
"258",2026-01-23 23:50:00.598,"Seat Unavailable",1,26.5784303099507,37.9498809948564,"01_AlUla_Main_Zone",26.6042974198011,37.9267499595881,"01_AlUla_Main_Zone","B2C"
"259",2026-01-23 20:59:52.338,"Seat Unavailable",1,26.828012,37.85377,"",26.74044,37.94588,"02_Hegar","B2C"
"260",2026-01-23 18:28:14.675,"Not Accepted",1,26.5636505930163,37.9610208794475,"01_AlUla_Main_Zone",26.61243,37.922837,"01_AlUla_Main_Zone","B2C"
"261",2026-01-23 12:49:55.189,"Not Accepted",1,26.6001853005554,37.9319920018315,"01_AlUla_Main_Zone",26.6242728,37.9144594,"01_AlUla_Main_Zone","B2C"
"262",2026-01-23 12:43:38.324,"Not Accepted",5,26.5391711680855,37.9683047533035,"01_AlUla_Main_Zone",26.6241245,37.914274,"01_AlUla_Main_Zone","B2C"
"263",2026-01-23 05:25:08.066,"Not Accepted",1,26.5930006535782,37.9431194812059,"01_AlUla_Main_Zone",26.6242728,37.9144594,"01_AlUla_Main_Zone","B2C"
"264",2026-01-22 22:15:35.874,"Not Accepted",1,26.66218,37.96231,"Fursan BP",26.6468,37.9137,"01_AlUla_Main_Zone","B2C"
"265",2026-01-22 20:07:01.317,"Not Accepted",1,26.5592743059051,37.9627324640751,"01_AlUla_Main_Zone",26.564889,37.963152,"01_AlUla_Main_Zone","B2C"
"266",2026-01-22 19:07:51.629,"Not Accepted",1,26.6276733416823,37.9136803591115,"01_AlUla_Main_Zone",26.5654001014562,37.9552548006177,"01_AlUla_Main_Zone","B2C"
"267",2026-01-22 18:46:46.011,"Not Accepted",1,26.6408194511194,37.9079258814454,"01_AlUla_Main_Zone",26.6022103511403,37.9238468036056,"01_AlUla_Main_Zone","B2C"
"268",2026-01-22 17:25:45.847,"Not Accepted",1,26.52485,37.98099,"01_AlUla_Main_Zone",26.63411,37.90908,"01_AlUla_Main_Zone","B2C"
"269",2026-01-22 12:45:31.768,"Not Accepted",1,26.6595561014428,37.9078755900264,"01_AlUla_Main_Zone",26.6038114797516,37.9293097928166,"01_AlUla_Main_Zone","B2C"
"270",2026-01-22 10:19:26.934,"Other Error",1,26.5880783179489,37.9398455098271,"01_AlUla_Main_Zone",26.595154948794,37.9354285707141,"01_AlUla_Main_Zone","B2C"
"271",2026-01-21 22:47:42.376,"Other Error",1,26.666071,37.90791,"01_AlUla_Main_Zone",26.5648174436087,37.9630773884556,"01_AlUla_Main_Zone","B2C"
"272",2026-01-21 17:01:13.139,"Not Accepted",1,26.5953816952602,37.9341119527817,"01_AlUla_Main_Zone",26.6072,37.92932,"01_AlUla_Main_Zone","B2C"
"273",2026-01-21 13:57:45.176,"Not Accepted",1,26.603892,37.9462456,"01_AlUla_Main_Zone",26.6264512,37.9142455,"01_AlUla_Main_Zone","B2C"
"274",2026-01-21 13:55:12.644,"Not Accepted",1,26.5585383607202,37.9682759195566,"01_AlUla_Main_Zone",26.6293312,37.9133353,"01_AlUla_Main_Zone","B2C"
"275",2026-01-21 12:41:08.939,"Not Accepted",1,26.629627295715,37.9137559980154,"01_AlUla_Main_Zone",26.649175765145,37.9069901257753,"01_AlUla_Main_Zone","B2C"
"276",2026-01-21 09:33:30.422999,"Not Accepted",1,26.66218,37.96231,"Fursan BP",26.6645323,37.9046134,"01_AlUla_Main_Zone","B2C"
"277",2026-01-21 07:25:41.911,"Not Accepted",1,26.5663317,37.9447996,"01_AlUla_Main_Zone",26.609964,37.925989,"01_AlUla_Main_Zone","B2C"
"278",2026-01-20 18:28:32.81,"Not Accepted",1,26.5746261124493,37.9279861226678,"01_AlUla_Main_Zone",26.627283232712,37.9148557037115,"01_AlUla_Main_Zone","B2C"
"279",2026-01-20 15:38:36.991,"Not Accepted",1,26.6468932350683,37.9061113670468,"01_AlUla_Main_Zone",26.6316507,37.9107969,"01_AlUla_Main_Zone","B2C"
"280",2026-01-20 13:46:20.929999,"Not Accepted",1,26.5668554058327,37.9594554752111,"01_AlUla_Main_Zone",26.665046732382,37.9046726971865,"01_AlUla_Main_Zone","B2C"
"281",2026-01-20 13:20:07.162,"Other Error",1,26.5666877753824,37.9594008252025,"01_AlUla_Main_Zone",26.5565059398785,37.9559025540948,"01_AlUla_Main_Zone","B2C"
"282",2026-01-20 11:30:04.236,"Not Accepted",1,26.6062636422704,37.944134362042,"AlUla Main Zone Business - b2c",26.6264512,37.9142455,"01_AlUla_Main_Zone","B2C"
"283",2026-01-20 00:53:30.767,"Not Accepted",1,26.6468932350683,37.9061113670468,"01_AlUla_Main_Zone",26.6316507,37.9107969,"01_AlUla_Main_Zone","B2C"
"284",2026-01-19 21:13:36.909,"Not Accepted",1,26.6090971,37.9197179,"01_AlUla_Main_Zone",26.666517,37.906936,"01_AlUla_Main_Zone","B2C"
"285",2026-01-19 19:44:12.088,"Seat Unavailable",3,26.74349,37.848992,"02_Hegar",26.69008,37.9834,"Fursan BP","B2C"
"286",2026-01-19 17:18:32.48,"Cancelled",1,26.646741604173,37.9138015955686,"01_AlUla_Main_Zone",26.663606,37.9034288,"01_AlUla_Main_Zone","B2C"
"287",2026-01-19 16:12:42.682,"Not Accepted",1,26.6242590476708,37.9145251214504,"01_AlUla_Main_Zone",26.69008,37.9834,"Fursan BP","B2C"
"288",2026-01-19 16:11:43.967,"Not Accepted",1,26.6597157,37.9078203,"01_AlUla_Main_Zone",26.666517,37.906936,"01_AlUla_Main_Zone","B2C"
"289",2026-01-19 14:15:46.189,"Not Accepted",1,26.6595288348946,37.9079456627369,"01_AlUla_Main_Zone",26.5603125,37.9613125,"01_AlUla_Main_Zone","B2C"
"290",2026-01-19 13:49:32.363,"Completed",1,26.6319704115199,37.9135736078024,"01_AlUla_Main_Zone",26.666071,37.90791,"01_AlUla_Main_Zone","B2C"
"291",2026-01-19 12:53:08.22,"Not Accepted",1,26.6596399984734,37.9079235345125,"01_AlUla_Main_Zone",26.5772207285762,37.9427774995565,"01_AlUla_Main_Zone","B2C"
"292",2026-01-19 12:44:05.422,"Completed",1,26.5872613060803,37.9416311904788,"01_AlUla_Main_Zone",26.6318156,37.9133694,"01_AlUla_Main_Zone","B2C"
"293",2026-01-19 12:26:12.169,"Seat Unavailable",1,26.739857,37.849841,"02_Hegar",26.52485,37.98099,"01_AlUla_Main_Zone","B2C"
"294",2026-01-19 10:24:48.821,"Not Accepted",1,26.5681040800389,37.9617900028825,"01_AlUla_Main_Zone",26.5603125,37.9613125,"01_AlUla_Main_Zone","B2C"
"295",2026-01-19 09:41:39.401,"Not Accepted",1,26.6596178256927,37.9080284759402,"01_AlUla_Main_Zone",26.666071,37.90791,"01_AlUla_Main_Zone","B2C"
"296",2026-01-19 09:26:28.333,"Not Accepted",1,26.5668883921179,37.9595349356532,"01_AlUla_Main_Zone",26.658826793943,37.9078990593553,"01_AlUla_Main_Zone","B2C"
"297",2026-01-19 05:56:26.664,"Not Accepted",1,26.5678165023392,37.961328998208,"01_AlUla_Main_Zone",26.5603125,37.9613125,"01_AlUla_Main_Zone","B2C"
"298",2026-01-18 21:53:36.382,"Not Accepted",1,26.5679028656867,37.9619720578194,"01_AlUla_Main_Zone",26.5603125,37.9613125,"01_AlUla_Main_Zone","B2C"
"299",2026-01-18 21:30:01.389999,"Not Accepted",3,26.566647,37.952615,"01_AlUla_Main_Zone",26.666071,37.90791,"01_AlUla_Main_Zone","B2C"
"300",2026-01-18 19:41:49.372,"Not Accepted",1,26.555586735204,37.9679222032428,"01_AlUla_Main_Zone",26.5603125,37.9613125,"01_AlUla_Main_Zone","B2C"
"301",2026-01-18 19:27:01.85,"Seat Unavailable",1,26.66218,37.96231,"Fursan BP",26.66994,37.93783,"Fursan BP","B2C"
"302",2026-01-18 17:49:06.004,"Not Accepted",1,26.6596501859657,37.9079889133573,"01_AlUla_Main_Zone",26.5603125,37.9613125,"01_AlUla_Main_Zone","B2C"
"303",2026-01-18 16:59:14.613,"Not Accepted",1,26.6595623937222,37.9078829661012,"01_AlUla_Main_Zone",26.5603125,37.9613125,"01_AlUla_Main_Zone","B2C"
"304",2026-01-18 16:27:58.87,"Not Accepted",1,26.6596867410779,37.9079054296017,"01_AlUla_Main_Zone",26.5603125,37.9613125,"01_AlUla_Main_Zone","B2C"
"305",2026-01-18 15:45:08.907,"Other Error",1,26.6031391,37.929482,"01_AlUla_Main_Zone",26.549292,37.957934,"01_AlUla_Main_Zone","B2C"
"306",2026-01-18 15:18:58.728,"Not Accepted",1,26.659545913942,37.9079366102815,"01_AlUla_Main_Zone",26.5603125,37.9613125,"01_AlUla_Main_Zone","B2C"
"307",2026-01-18 14:41:47.133,"Not Accepted",1,26.6598527370958,37.9079620912671,"01_AlUla_Main_Zone",26.5772207285762,37.9427774995565,"01_AlUla_Main_Zone","B2C"
"308",2026-01-18 12:08:26.845,"Other Error",1,26.666071,37.90791,"01_AlUla_Main_Zone",26.761968,37.859067,"02_Hegar","B2C"
"309",2026-01-18 08:22:59.407,"Not Accepted",1,26.5502869941394,37.9569596797228,"01_AlUla_Main_Zone",26.666071,37.90791,"01_AlUla_Main_Zone","B2C"
"310",2026-01-18 06:38:37.613,"Not Accepted",1,26.5600528312019,37.9634271562099,"01_AlUla_Main_Zone",26.6264512,37.9142455,"01_AlUla_Main_Zone","B2C"
"311",2026-01-18 02:24:52.814,"Other Error",1,26.60868,37.92327,"01_AlUla_Main_Zone",26.68877,37.90406,"01_AlUla_Main_Zone","B2C"
"312",2026-01-17 22:31:09.735,"Not Accepted",1,26.666071,37.90791,"01_AlUla_Main_Zone",26.5601785,37.9582296,"01_AlUla_Main_Zone","B2C"
"313",2026-01-17 21:24:53.604,"Not Accepted",1,26.6178351613877,37.9185745865107,"01_AlUla_Main_Zone",26.6294954,37.9138529,"01_AlUla_Main_Zone","B2C"
"314",2026-01-17 19:38:43.021999,"Not Accepted",1,26.5934383708245,37.9369949921966,"01_AlUla_Main_Zone",26.5983221024443,37.9329089820385,"01_AlUla_Main_Zone","B2C"
"315",2026-01-16 23:39:26.52,"Seat Unavailable",1,26.77015,37.94536,"02_Hegar",26.663606,37.9034288,"01_AlUla_Main_Zone","B2C"
"316",2026-01-16 12:15:39.159999,"Seat Unavailable",2,26.743535,37.864539,"02_Hegar",26.828012,37.85377,"","B2C"
"317",2026-01-15 14:30:40.566,"Other Error",1,26.6586470132352,37.9078263044357,"01_AlUla_Main_Zone",26.6409444,37.9109444,"01_AlUla_Main_Zone","B2C"
"318",2026-01-15 13:29:10.338,"Not Accepted",1,26.5668017281303,37.9595453292131,"01_AlUla_Main_Zone",26.5533,37.94544,"01_AlUla_Main_Zone","B2C"
"319",2026-01-15 04:13:04.637,"Not Accepted",1,26.5676359787429,37.9620920866728,"01_AlUla_Main_Zone",26.5603125,37.9613125,"01_AlUla_Main_Zone","B2C"
"320",2026-01-15 00:03:22.043,"Not Accepted",1,26.563813,37.963188,"01_AlUla_Main_Zone",26.66218,37.96231,"Fursan BP","B2C"
"321",2026-01-14 20:58:57.67,"Not Accepted",1,26.6306888667975,37.9130911454558,"01_AlUla_Main_Zone",26.559708853227,37.9608579352498,"01_AlUla_Main_Zone","B2C"
"322",2026-01-14 19:25:48.637,"Seat Unavailable",3,26.739857,37.849841,"02_Hegar",26.56606,37.94555,"01_AlUla_Main_Zone","B2C"
"323",2026-01-14 19:10:13.543,"Seat Unavailable",2,26.563813,37.963188,"01_AlUla_Main_Zone",26.74349,37.848992,"02_Hegar","B2C"
"324",2026-01-14 18:34:12.642,"Not Accepted",1,26.563813,37.963188,"01_AlUla_Main_Zone",26.663606,37.9034288,"01_AlUla_Main_Zone","B2C"
"325",2026-01-14 18:21:25.492,"Not Accepted",1,26.6654272465372,37.9054434970021,"01_AlUla_Main_Zone",26.69008,37.9834,"Fursan BP","B2C"
"326",2026-01-14 09:38:40.459,"Not Accepted",1,26.5772207285762,37.9427774995565,"01_AlUla_Main_Zone",26.6596643,37.907998,"01_AlUla_Main_Zone","B2C"
"327",2026-01-13 23:42:56.667,"Seat Unavailable",2,26.6037323381786,37.9475954174995,"01_AlUla_Main_Zone",26.5990675,37.9322436,"01_AlUla_Main_Zone","B2C"
"328",2026-01-13 18:15:59.667,"Not Accepted",1,26.563813,37.963188,"01_AlUla_Main_Zone",26.663606,37.9034288,"01_AlUla_Main_Zone","B2C"
"329",2026-01-13 17:52:42.441,"Not Accepted",2,26.6241245,37.914274,"01_AlUla_Main_Zone",26.5588685,37.9579551,"01_AlUla_Main_Zone","B2C"
"330",2026-01-13 17:39:18.17,"Not Accepted",1,26.563813,37.963188,"01_AlUla_Main_Zone",26.675903,37.866359,"","B2C"
"331",2026-01-13 16:30:25.9,"Not Accepted",1,26.609105447006,37.9232537001371,"01_AlUla_Main_Zone",26.6036475151535,37.9304154207952,"01_AlUla_Main_Zone","B2C"
"332",2026-01-13 14:43:24.613,"Not Accepted",1,26.5653278305532,37.9611908644438,"01_AlUla_Main_Zone",26.6086889382752,37.9234253098168,"01_AlUla_Main_Zone","B2C"
"333",2026-01-13 14:29:17.296,"Not Accepted",1,26.6323492377032,37.9124866425991,"01_AlUla_Main_Zone",26.5656277,37.9553272,"01_AlUla_Main_Zone","B2C"
"334",2026-01-13 12:25:41.135,"Not Accepted",1,26.6062848654087,37.9439413466355,"AlUla Main Zone Business - b2c",26.61375,37.92796,"01_AlUla_Main_Zone","B2C"
"335",2026-01-13 12:07:43.472,"Not Accepted",1,26.5471,37.96604,"01_AlUla_Main_Zone",26.53869,37.96929,"01_AlUla_Main_Zone","B2C"
"336",2026-01-13 06:36:40.341,"Not Accepted",1,26.5476465155139,37.9604671508381,"01_AlUla_Main_Zone",26.743535,37.864539,"02_Hegar","B2C"
"337",2026-01-13 01:55:36.054999,"Not Accepted",1,26.60868,37.92327,"01_AlUla_Main_Zone",26.53459,37.96992,"01_AlUla_Main_Zone","B2C"
"338",2026-01-12 22:31:04.808,"Not Accepted",1,26.5679568427458,37.96182051301,"01_AlUla_Main_Zone",26.5603125,37.9613125,"01_AlUla_Main_Zone","B2C"
"339",2026-01-12 14:22:46.656,"Not Accepted",1,26.6595638918839,37.9078735783696,"01_AlUla_Main_Zone",26.5603125,37.9613125,"01_AlUla_Main_Zone","B2C"
"340",2026-01-12 11:17:40.121,"Not Accepted",4,26.6035072040862,37.9263479635119,"01_AlUla_Main_Zone",26.609054,37.923262,"01_AlUla_Main_Zone","B2C"
"341",2026-01-12 11:01:51.416,"Not Accepted",1,26.5601946149185,37.9609822757001,"01_AlUla_Main_Zone",26.6149516086765,37.9259714484215,"01_AlUla_Main_Zone","B2C"
"342",2026-01-11 21:44:20.595,"Not Accepted",1,26.5681808472693,37.9618429765105,"01_AlUla_Main_Zone",26.5603125,37.9613125,"01_AlUla_Main_Zone","B2C"
"343",2026-01-11 19:21:41.019,"Not Accepted",1,26.5681661535456,37.9617869853973,"01_AlUla_Main_Zone",26.5603125,37.9613125,"01_AlUla_Main_Zone","B2C"
"344",2026-01-11 18:09:00.078,"Not Accepted",1,26.6596747557965,37.9079436510801,"01_AlUla_Main_Zone",26.5603125,37.9613125,"01_AlUla_Main_Zone","B2C"
"345",2026-01-11 17:43:05.856999,"Not Accepted",1,26.6411146370555,37.9105420410633,"01_AlUla_Main_Zone",26.5631315,37.9524757,"01_AlUla_Main_Zone","B2C"
"346",2026-01-11 17:06:28.2,"Not Accepted",1,26.6886469937248,37.90402662009,"01_AlUla_Main_Zone",26.6468,37.9137,"01_AlUla_Main_Zone","B2C"
"347",2026-01-11 11:40:46.715,"Not Accepted",1,26.5624007681434,37.9518580212732,"01_AlUla_Main_Zone",26.6409444,37.9109444,"01_AlUla_Main_Zone","B2C"
"348",2026-01-11 10:08:44.091,"Not Accepted",1,26.74867,37.94319,"02_Hegar",26.6264512,37.9142455,"01_AlUla_Main_Zone","B2C"
"349",2026-01-11 02:27:29.992,"Not Accepted",1,26.6035950394106,37.9489764198661,"01_AlUla_Main_Zone",26.6241245,37.914274,"01_AlUla_Main_Zone","B2C"
"350",2026-01-11 01:47:10.149,"Not Accepted",1,26.5394072267458,37.9666126146913,"01_AlUla_Main_Zone",26.5469905402001,37.9593377932906,"01_AlUla_Main_Zone","B2C"
"351",2026-01-10 11:20:05.734,"Not Accepted",2,26.6004188352343,37.9327319562435,"01_AlUla_Main_Zone",26.675903,37.866359,"","B2C"
"352",2026-01-09 18:57:20.67,"Other Error",5,26.6275496808584,37.9144201800227,"01_AlUla_Main_Zone",26.6035692584009,37.9227595031261,"01_AlUla_Main_Zone","B2C"
"353",2026-01-09 18:18:02.4,"Other Error",5,26.6035692584009,37.9227595031261,"01_AlUla_Main_Zone",26.6253179711211,37.9154364019632,"01_AlUla_Main_Zone","B2C"
"354",2026-01-09 17:52:38.365,"Not Accepted",1,26.5726596463286,37.9447593167424,"01_AlUla_Main_Zone",26.6270431591032,37.9146998003125,"01_AlUla_Main_Zone","B2C"
"355",2026-01-09 16:55:58.007,"Seat Unavailable",3,26.78541,37.84949,"02_Hegar",26.6264512,37.9142455,"01_AlUla_Main_Zone","B2C"
"356",2026-01-09 16:47:36.389,"Not Accepted",1,26.5680501030491,37.9617541283369,"01_AlUla_Main_Zone",26.5603125,37.9613125,"01_AlUla_Main_Zone","B2C"
"357",2026-01-09 11:41:44.172999,"Not Accepted",1,26.739857,37.849841,"02_Hegar",26.761968,37.859067,"02_Hegar","B2C"
"358",2026-01-09 09:07:03.827,"Cancelled",1,26.667274,37.907424,"01_AlUla_Main_Zone",26.649561,37.907162,"01_AlUla_Main_Zone","B2C"
"359",2026-01-08 20:42:01.536,"Not Accepted",1,26.6082517139312,37.9194412752986,"01_AlUla_Main_Zone",26.6264512,37.9142455,"01_AlUla_Main_Zone","B2C"
"360",2026-01-08 17:13:43.797999,"Not Accepted",5,26.6016944238166,37.9206576570868,"01_AlUla_Main_Zone",26.66329,37.94749,"Fursan BP","B2C"
"361",2026-01-08 13:53:29.096,"Not Accepted",1,26.5678812748559,37.961246855557,"01_AlUla_Main_Zone",26.559733,37.958038,"01_AlUla_Main_Zone","B2C"
"362",2026-01-08 12:31:04.731999,"Not Accepted",1,26.5681112769689,37.9617692157626,"01_AlUla_Main_Zone",26.55822,37.95002,"01_AlUla_Main_Zone","B2C"
"363",2026-01-08 09:15:11.937,"Other Error",1,26.666071,37.90791,"01_AlUla_Main_Zone",26.78541,37.84949,"02_Hegar","B2C"
"364",2026-01-07 21:57:03.253,"Not Accepted",1,26.5679709367515,37.9616042599082,"01_AlUla_Main_Zone",26.55822,37.95002,"01_AlUla_Main_Zone","B2C"
"365",2026-01-07 21:41:20.657,"Cancelled",1,26.5736797660872,37.9422286525369,"01_AlUla_Main_Zone",26.5656463019913,37.9437454417348,"01_AlUla_Main_Zone","B2C"
"366",2026-01-07 21:13:29.282,"Not Accepted",1,26.5447407632072,37.9626020416617,"01_AlUla_Main_Zone",26.761968,37.859067,"02_Hegar","B2C"
"367",2026-01-07 20:15:48.465,"Completed",2,26.666071,37.90791,"01_AlUla_Main_Zone",26.6256533,37.915676,"01_AlUla_Main_Zone","B2C"
"368",2026-01-07 20:11:14.871,"Cancelled",2,26.666071,37.90791,"01_AlUla_Main_Zone",26.6256533,37.915676,"01_AlUla_Main_Zone","B2C"
"369",2026-01-07 17:10:11.276,"Seat Unavailable",1,26.74349,37.848992,"02_Hegar",26.676728,37.9083988,"01_AlUla_Main_Zone","B2C"
"370",2026-01-07 16:09:32.262,"Not Accepted",1,26.667274,37.907424,"01_AlUla_Main_Zone",26.567912,37.9611964,"01_AlUla_Main_Zone","B2C"
"371",2026-01-07 14:57:44.164,"Other Error",1,26.6596765535888,37.9080130532384,"01_AlUla_Main_Zone",26.567912,37.9611964,"01_AlUla_Main_Zone","B2C"
"372",2026-01-07 13:52:42.987,"Not Accepted",1,26.5709828159814,37.9453064873815,"01_AlUla_Main_Zone",26.6264512,37.9142455,"01_AlUla_Main_Zone","B2C"
"373",2026-01-07 13:30:49.367,"Other Error",1,26.6596801491733,37.9078923538327,"01_AlUla_Main_Zone",26.567912,37.9611964,"01_AlUla_Main_Zone","B2C"
"374",2026-01-07 10:56:18.075,"Not Accepted",1,26.6596651675705,37.9079651087523,"01_AlUla_Main_Zone",26.567912,37.9611964,"01_AlUla_Main_Zone","B2C"
"375",2026-01-07 09:57:13.949,"Other Error",1,26.6064495008561,37.9442305862904,"AlUla Main Zone Business - b2c",26.5958442867574,37.9348485544324,"01_AlUla_Main_Zone","B2C"
"376",2026-01-07 07:13:44.205999,"Not Accepted",1,26.5871530703091,37.9416030272841,"01_AlUla_Main_Zone",26.60868,37.92327,"01_AlUla_Main_Zone","B2C"
"377",2026-01-07 06:41:30.237,"Not Accepted",1,26.5550519,37.956075,"01_AlUla_Main_Zone",26.43648,37.92529,"","B2C"
"378",2026-01-07 05:26:30.085,"Seat Unavailable",1,26.68877,37.90406,"01_AlUla_Main_Zone",26.55026,37.95682,"01_AlUla_Main_Zone","B2C"
"379",2026-01-07 00:52:40.008999,"Not Accepted",1,26.6048469102881,37.9376645386219,"01_AlUla_Main_Zone",26.5871433,37.9415075,"01_AlUla_Main_Zone","B2C"
"380",2026-01-06 22:29:03.65,"Seat Unavailable",1,26.5739204,37.942299,"01_AlUla_Main_Zone",26.761968,37.859067,"02_Hegar","B2C"
"381",2026-01-06 20:40:34.007,"Seat Unavailable",1,26.5737917,37.9422111,"01_AlUla_Main_Zone",26.6072,37.92932,"01_AlUla_Main_Zone","B2C"
"382",2026-01-06 17:56:46.479,"Not Accepted",1,26.6022960889826,37.9237881302834,"01_AlUla_Main_Zone",26.6034059,37.9383602,"01_AlUla_Main_Zone","B2C"
"383",2026-01-06 16:13:18.076,"Not Accepted",4,26.5737138,37.9422116,"01_AlUla_Main_Zone",26.6080732,37.9247699,"01_AlUla_Main_Zone","B2C"
"384",2026-01-06 09:38:11.01,"Other Error",1,26.5650789304137,37.9636601731181,"01_AlUla_Main_Zone",26.6059141,37.9447925,"AlUla Main Zone Business - b2c","B2C"
"385",2026-01-05 17:59:13.376999,"Not Accepted",1,26.5563169154575,37.9623271065097,"01_AlUla_Main_Zone",26.809769,37.953996,"","B2C"
"386",2026-01-05 16:46:03.904,"Not Accepted",1,26.63259079868,37.9153307899833,"01_AlUla_Main_Zone",26.739857,37.849841,"02_Hegar","B2C"
"387",2026-01-05 15:10:25.645,"Not Accepted",1,26.53459,37.96992,"01_AlUla_Main_Zone",26.5471,37.96604,"01_AlUla_Main_Zone","B2C"
"388",2026-01-05 14:50:22.439,"Not Accepted",1,26.5535503631989,37.9453463852406,"01_AlUla_Main_Zone",26.6039541742677,37.9201145097613,"01_AlUla_Main_Zone","B2C"
"389",2026-01-05 14:00:19.988,"Not Accepted",1,26.6064483017694,37.9442245513201,"AlUla Main Zone Business - b2c",26.5654114968642,37.9640303179622,"01_AlUla_Main_Zone","B2C"
"390",2026-01-04 19:24:14.501999,"Seat Unavailable",1,26.6144921,37.9182287,"01_AlUla_Main_Zone",26.61375,37.92796,"01_AlUla_Main_Zone","B2C"
"391",2026-01-04 18:57:06.546,"Seat Unavailable",1,26.6058526539063,37.9442885890603,"AlUla Main Zone Business - b2c",26.5653077386343,37.9649751260877,"01_AlUla_Main_Zone","B2C"
"392",2026-01-04 13:15:07.47,"Seat Unavailable",2,26.5671600787961,37.9595812037587,"01_AlUla_Main_Zone",26.5532942396231,37.9454412683845,"01_AlUla_Main_Zone","B2C"
"393",2026-01-04 01:00:18.165,"Seat Unavailable",2,26.5491311015994,37.9457949846983,"01_AlUla_Main_Zone",26.739857,37.849841,"02_Hegar","B2C"
"394",2026-01-03 13:06:28.948,"Seat Unavailable",1,26.6241640348125,37.9145599901676,"01_AlUla_Main_Zone",26.663606,37.9034288,"01_AlUla_Main_Zone","B2C"
"395",2026-01-03 08:14:57.612,"Seat Unavailable",1,26.5620522014847,37.9626804962754,"01_AlUla_Main_Zone",26.6176175,37.9266749,"01_AlUla_Main_Zone","B2C"
"396",2026-01-03 07:02:05.636,"Seat Unavailable",1,26.6266241530197,37.9144687950611,"01_AlUla_Main_Zone",26.5657917,37.9365533,"01_AlUla_Main_Zone","B2C"
"397",2026-01-03 02:05:47.672999,"Seat Unavailable",1,26.6643381337425,37.9036477580667,"01_AlUla_Main_Zone",26.5619347337777,37.9627607949432,"01_AlUla_Main_Zone","B2C"
"398",2026-01-01 21:57:05.041,"Seat Unavailable",4,26.6343047972854,37.9092865401458,"01_AlUla_Main_Zone",26.663606,37.9034288,"01_AlUla_Main_Zone","B2C"
"399",2026-01-01 20:49:41.368,"Seat Unavailable",5,26.6131063365805,37.9168586432934,"01_AlUla_Main_Zone",26.6264512,37.9142455,"01_AlUla_Main_Zone","B2C"
"400",2026-01-01 20:44:59.287,"Seat Unavailable",2,26.5996231965175,37.9461212083697,"01_AlUla_Main_Zone",26.6036292142285,37.9420724138618,"01_AlUla_Main_Zone","B2C"
"401",2026-01-01 19:33:53.056,"Seat Unavailable",2,26.6132691030067,37.9152395948768,"01_AlUla_Main_Zone",26.6250159,37.9153868,"01_AlUla_Main_Zone","B2C"
"402",2026-01-01 18:49:20.112,"Seat Unavailable",1,26.5614707173092,37.9594491049647,"01_AlUla_Main_Zone",26.6340983,37.9090776,"01_AlUla_Main_Zone","B2C"
"403",2026-01-01 08:18:33.159,"Seat Unavailable",1,26.6037104543249,37.9196830093861,"01_AlUla_Main_Zone",26.6655821,37.9049215,"01_AlUla_Main_Zone","B2C"
